{
  "best_model": "LightGBM",
  "best_f1": 0.9874608426915376,
  "best_cv_f1": 0.9822770428880568,
  "trained_at": "2026-03-04T18:18:55.436637",
  "models": {
    "Random Forest": {
      "accuracy": 0.9666666666666667,
      "f1": 0.9664561473336221,
      "precision": 0.9667149337062318,
      "recall": 0.9666666666666667,
      "cv_f1": 0.9580770133730174,
      "duration_s": 8.0
    },
    "Gradient Boosting": {
      "accuracy": 0.9816666666666667,
      "f1": 0.9816197776619388,
      "precision": 0.9817045341792169,
      "recall": 0.9816666666666667,
      "cv_f1": 0.9785161882954027,
      "duration_s": 49.8
    },
    "SVM (RBF)": {
      "accuracy": 0.8608333333333333,
      "f1": 0.8634799200143923,
      "precision": 0.8732649972227997,
      "recall": 0.8608333333333333,
      "cv_f1": 0.8628515226850482,
      "duration_s": 6.3
    },
    "KNN (k=7)": {
      "accuracy": 0.84,
      "f1": 0.8380447090719076,
      "precision": 0.8395326800434335,
      "recall": 0.84,
      "cv_f1": 0.8344250918905605,
      "duration_s": 0.1
    },
    "Logistic Regression": {
      "accuracy": 0.8058333333333333,
      "f1": 0.8095908879838308,
      "precision": 0.8192474611680981,
      "recall": 0.8058333333333333,
      "cv_f1": 0.7911568395257325,
      "duration_s": 0.4
    },
    "XGBoost": {
      "accuracy": 0.9808333333333333,
      "f1": 0.9807641365288129,
      "precision": 0.9808494641151481,
      "recall": 0.9808333333333333,
      "cv_f1": 0.9743214483980044,
      "duration_s": 4.6
    },
    "LightGBM": {
      "accuracy": 0.9875,
      "f1": 0.9874608426915376,
      "precision": 0.9875539463537609,
      "recall": 0.9875,
      "cv_f1": 0.9822770428880568,
      "duration_s": 7.3
    }
  }
}